data_root,detector,iou_thresh,images,total_gt_faces,total_pred_faces,tp,fp,fn,recall,precision,f1,mean_iou
/local-ssd/yl3427/test/input/fm_detection,yunet,0.5,853,4072,3131,2101,1030,1971,0.5159626719056974,0.6710316192909613,0.5833680410939887,0.643732306277508
/local-ssd/yl3427/test/input/fm_detection,haar,0.5,853,4072,295,226,69,3846,0.05550098231827112,0.7661016949152543,0.10350354934737807,0.5908847981322128
/local-ssd/yl3427/test/input/fm_detection,mtcnn,0.5,853,4072,2703,2270,433,1802,0.5574656188605108,0.8398076211616722,0.6701107011070111,0.6454958350647914
/local-ssd/yl3427/test/input/fm_detection,retinaface,0.5,853,4072,3894,3227,667,845,0.7924852652259332,0.8287108371854135,0.8101933216168717,0.6624330189304157
